company,distributor
Amul (GCMMF),Amul Distribution Network
Amul (GCMMF),BigBasket Supply Chain
Amul (GCMMF),Blinkit Quick Commerce
Amul (GCMMF),DMart Supply Chain
Amul (GCMMF),Reliance Fresh Distribution
Mother Dairy,Mother Dairy Supply Chain
Mother Dairy,BigBasket Supply Chain
Mother Dairy,Reliance Fresh Distribution
Nestle India,Nestle Distribution India
Nestle India,BigBasket Supply Chain
Heritage Foods,Heritage Foods Distribution
Heritage Foods,BigBasket Supply Chain
Verka (Milkfed),Verka Distribution Network
Dodla Dairy,Dodla Distribution
Britannia Industries,Britannia Distribution Network
Britannia Industries,BigBasket Supply Chain
Britannia Industries,Reliance Fresh Distribution
Parag Milk Foods,Parag Milk Distribution
Parag Milk Foods,BigBasket Supply Chain
Parag Milk Foods,DMart Supply Chain
Hatsun Agro,Hatsun Distribution Network
Nandini (KMF),Nandini Distribution Network
